Nintendo Switch OLED,Nintendo,Gaming,Handheld, NVIDIA Custom Tegra ,,,64GB,350.00 ,https://www.amazon.com/Nintendo-Switch-OLED-Model-Neon-Joy/dp/B098RKWHHZ?crid=10PLIRQS3917W&keywords=nintendo%2Bswitch&qid=1702933275&s=videogames&sprefix=nintendo%2Bswtich%2Cvideogames%2C75&sr=1-3&ufe=app_do%3Aamzn1.fos.c3015c4a-46bb-44b9-81a4-dc28e6d374b3&th=1&linkCode=ll1&tag=ru-tech-360-20&linkId=a49a30f5ad351eeb9179d6ec47e50247&language=en_US&ref_=as_li_ss_tl&asc_source=08913c1b65c045149c9d82e5d930a978&asc_campaign=buyers-guide-detail-card-secondary-link&asc_refurl=https://www.usnews.com/360-reviews/technology/best-handheld-gaming-consoles
Nintendo Switch,Nintendo,Gaming,Handheld, NVIDIA Custom Tegra ,,,32GB,300.00 ,https://www.amazon.com/Nintendo-SwitchTM-Neon-Blue-Joy%E2%80%91ConTM-Switch/dp/B0BFJWCYTL?crid=28FK5UV7K46S1&keywords=nintendo%2Bswitch&qid=1703789148&s=videogames&sprefix=nintendo%2Bswitch%2Cvideogames%2C84&sr=1-1&ufe=app_do%3Aamzn1.fos.c3015c4a-46bb-44b9-81a4-dc28e6d374b3&th=1&linkCode=ll1&tag=ru-tech-360-20&linkId=3bd68009c2b1b04d8fefd736f0b0053d&language=en_US&ref_=as_li_ss_tl&asc_source=7d1dff52d278467692f31e96c0b344a9&asc_campaign=buyers-guide-detail-card-secondary-link&asc_refurl=https://www.usnews.com/360-reviews/technology/best-handheld-gaming-consoles
Nintendo Switch Lite,Nintendo,Gaming,Handheld, NVIDIA Custom Tegra ,,,32GB,200.00 ,https://www.amazon.com/Nintendo-Switch-Lite-Blue/dp/B092VT1JGD?crid=3U7UFNUXTRL20&keywords=Nintendo+Switch+lite&qid=1703788319&sprefix=nintendo+switch+lite%2Caps%2C99&sr=8-1&ufe=app_do%3Aamzn1.fos.f5122f16-c3e8-4386-bf32-63e904010ad0&linkCode=ll1&tag=ru-tech-360-20&linkId=17f3fb42a64c9e8290b3a5cda1171cf4&language=en_US&ref_=as_li_ss_tl&asc_source=ea1e68881eb8423198dd97d4eb21cf6f&asc_campaign=buyers-guide-detail-card-secondary-link&asc_refurl=https://www.usnews.com/360-reviews/technology/best-handheld-gaming-consoles
Sony Playstation Portal,Sony,Gaming,Handheld, Qualcomm Snapdragon 680 ,,,,200.00 ,https://direct.playstation.com/en-us/buy-accessories/playstation-portal-remote-player
Steam Deck OLED,Valve,Gaming,Handheld, AMD Ryzen Zen 2 , Ryzen RDNA 2 ,,,649.00 ,https://www.steamdeck.com/en/oled
Asus ROG Ally (2023),Asus,Gaming,Handheld, AMD Ryzen Z1 (Zen4) Extreme ," Radeon (RDNA 3, 4 CUs) ",,512GB,700.00 ,https://go.skimresources.com/?id=130783X1592963&xs=1&url=https%3A%2F%2Frog.asus.com%2Fus%2Fgaming-handhelds%2Frog-ally%2Frog-ally-2023%2F&xcust=tech_roundup-buyers-guide-detail-card-secondary-link-7adcaaba13b64f1b92e6d7afcd39f5fc-medium&sref=https://www.usnews.com/360-reviews/technology/best-handheld-gaming-consoles
Corsair One i500,Corsair,Gaming,Desktop PC, Intel Core i9-14900K , Nvidia GeForce RTX 4090 , 64GB ,2TB,3599.99 ,https://click.linksynergy.com/link?id=kXQk6%2AivFEQ&offerid=1531483.445831165820866207455081&type=15&murl=https%3A%2F%2Fwww.newegg.com%2Fcorsair-cs-9020039-na-one-i500-wood-bright%2Fp%2FN82E16883304044&u1=trd-us-6028141494704551509
HP Victus 15L,HP,Gaming,Desktop PC, Intel Core i7-13700 , Nvidia GeForce RTX 3060 , 16GB ,512GB,493.82 ,https://www.amazon.com/dp/B0CBRM4RJN?tag=georiot-us-default-20&th=1&ascsubtag=trd-us-6684204654129905588-20&geniuslink=true
Acer Predator Orion 7000,Acer,Gaming,Desktop PC, 13th-gen Intel Core i7 - i9 , Nvidia GeForce RTX 3080 - 4090 , 32 GB ,2TB,3499.99 ,https://store.acer.com/en-us/predator-orion-7000-gaming-desktop-po7-655-ur11?cjdata=MXxOfDB8WXww&ff=19&fp=5013&utm_campaign=cj_affiliate_sale&utm_medium=affiliate&utm_source=Future+Publishing+Limited-3486349&utm_content=6361382-15539357&utm_term=15539357&cjid=6361382&cjevent=d446415813c711ef82f9349c0a82b82d
Alienware Aurora R16,Alienware,Gaming,Desktop PC, Intel Core i7-13700F - i9F-13900F , Nvidia GeForce RTX 4070 - 4080 , 16GB ,4TB,1349.99 ,https://www.dell.com/en-us/shop/cty/pdp/spd/alienware-aurora-r16-desktop/useahbtsr16igtgy?cjdata=MXxOfDB8WXww&tfcid=33163968&cjevent=3eb45e6513c811ef80e1b5290a82b82a&dgc=CJ&publisherid=3486349&publisher=&aff=Future+Publishing+Limited&affid=3486349&aff_webid=6361382&aff_user_id=trd-us-1401179035791899774&gacd=9684992-28463632-5750457-345576786-177846717&dgc=af&VEN1=13502820-6361382-trd-us-1401179035791899774-Future%20Publishing%20Limited&dclid=CPPg2O-Jk4YDFdj4GAIdp18NZw
Asus ROG G22CH,Asus,Gaming,Desktop PC, 14th Gen Intel Core i7-14700F , Nvidia GeForce RTX 4060 Ti , 32GB ,1TB,1435.82 ,https://www.antonline.com/Asus/1485453?cjdata=MXxOfDB8WXww&cjevent=930490ba13ca11ef80e1b52c0a82b82a
Maingear MG-1,Maingear,Gaming,Desktop PC, Intel Core i9-14900K , Nvidia RTX 4090 , 128GB ,16TB,1099.00 ,https://maingear.com/mg-1/?cjdata=MXxOfDB8WXww&cjevent=02dbcc1a13cb11ef827701c50a82b82c
Apple iMac 24-inch (M3),Apple,Office,Desktop PC, Apple M3 chip with 8?core , Integrated 10-core , 8GB ,512GB,1208.00 ,https://target.georiot.com/Proxy.ashx?tsid=8428&GR_URL=https%3A%2F%2Fwww.amazon.com%2Fdp%2FB0CM5BFRND%3Ftag%3Dhawk-future-20%26linkCode%3Dogi%26th%3D1%26psc%3D1%26ascsubtag%3Dtrd-us-5479806378390182117-20
"Apple Mac mini, M2 (2023)",Apple,Office,Desktop PC, Apple M2 Pro (up to 12-core) , Integrated GPU (up to 19-core) , 32GB ,8TB,799.00 ,https://apple.sjv.io/c/221109/473657/7613?prodsku=MMFK3LL%2FA&u=https%3A%2F%2Fwww.apple.com%2Fus%2Fshop%2Fgo%2Fproduct%2FMMFK3&intsrc=CATF_3652&subId1=trdpro-us-1559134615104677766&sharedId=trdpro-us
Dell XPS Desktop (2023),Dell,Office,Desktop PC, 13th-Gen Intel Core i9 , NVIDIA GeForce RTX 4090 , 64GB DDR5 ,4TB SSD,815.99 ,https://www.amazon.com/dp/B0CSSX5357?tag=georiot-us-default-20&th=1&psc=1&ascsubtag=trdpro-us-1057154687738925499-20&geniuslink=true
Dell Inspiron 24 All-in-One,Dell,Office,Desktop PC, Intel Core i7-1355U , Nvidia MX550 , 16GB ,512GB,939.00 ,https://www.amazon.com/Dell-Inspiron-Touchscreen-i7-1355U-MaxxAudio/dp/B0CQ8GCCJ9/ref=sr_1_4_sspa?ascsubtag=trd-us-1072662374962397466-20&dib=eyJ2IjoiMSJ9.YXAt07DzMeR0Abofxa8dPN3m9e_uHHeifUTE92AbOQkncRBGW7dNWXi5q0jh2a13rnm-ZzOGzrqaoWX5FY1366NQsk0uD44CC5lAljnwuE8y9WUejBKNrEKt-2Fe5JSOVO3q9ilQWBFEeZITixXS9AZVgqJJFvH5XE8NC26RzuAUs6zAs4OkOJE6cV8L8iB7lBxE7Fo8MMU4Eh4Rhd0cS80Qf1CKKDlSIEwMdKqsXUNaEIeSovZ3SaKNiBWm5iT88HPq1ViFUebK3VJcWlVyVTBYnxuZAdW90tUVfOIDJs4.yqNfP0Ld67WmcbjDNfN-xatxY5PjcmniAaWC4xihg_8&dib_tag=se&geniuslink=true&keywords=Dell%2BInspiron%2B24%2B7000%2BAIO&qid=1715981553&sr=8-4-spons&sp_csd=d2lkZ2V0TmFtZT1zcF9hdGY&smid=A2DASUUP9BYKG8&th=1
Dell OptiPlex 7000 Micro PC,Dell,Office,Desktop PC, 12th Gen Intel Core i7-12700T vPro , 12th Gen Intel Core integrated graphics , 16 GB ,512 GB ,363.99 ,https://click.linksynergy.com/link?id=kXQk6%2AivFEQ&offerid=1531483.4458315922540266345434613&type=15&murl=https%3A%2F%2Fwww.newegg.com%2Fp%2FN82E16883995205%3Fitem%3D9SIAKWUJB42257&u1=trdpro-us-3044558635322021203
HP Envy 34 All-in-One,HP,Office,Desktop PC, 11th-gen Intel i9 , Nvidia RTX 3080 , 32GB ,1TB,1479.99 ,https://www.awin1.com/pclick.php?clickref=trdpro-us-1133564994089874984&p=33277974321&a=103504&m=7168
